"number","sourcePath","sourceSha256","imagePath","reference","title","categoryId","utensilType","material","finish","sourcePurityMarking","purity","purityBasis","coinShape","weightGrams","sourceWeightToleranceGrams","diameterInches","suppliedSizeLabel","recordType","createProduct","parentReference","shortDescription","alt","publishBlockers","readyForSanityAssetUpload","readyForProductPublish"
"1","C:\Users\kk\Desktop\Files\IMG_2373.jpeg","5152c70fd013e6773e09cbb3e1c64a54ef5660ec9e0315d3dbe0e63f71c97588","public/images/gallery-ingestion/desktop-files-2026-08-22/001-benjamin-franklin-rectangular-silver-bar-5g.png","DDA-COIN-20260822-001","DDA 5 Gram Benjamin Franklin Rectangular Silver Bar","category-coin","","silver","","999","99.80","owner-confirmed-2026-08-22","rectangle","5","","","","","","","A 5 gram silver piece featuring a Benjamin Franklin portrait and historic-building reverse. Owner-confirmed purity is 99.80%.","DDA 5 Gram Benjamin Franklin Rectangular Silver Bar showing a Benjamin Franklin portrait and historic-building reverse","","true","true"
"2","C:\Users\kk\Desktop\Files\IMG_2374.jpeg","66f18e8faab9f62e11f9985422742b6cbf3e365d7713ed654639e8f9e6ecc05b","public/images/gallery-ingestion/desktop-files-2026-08-22/002-george-v-two-tone-round-silver-coin-5g.png","DDA-COIN-20260822-002","DDA 5 Gram George V Two-Tone Round Silver Coin","category-coin","","silver","gold-polished","999","99.80","owner-confirmed-2026-08-22","round","5","","","","","","","A 5 gram silver piece featuring a gold-tone George V portrait and ornamental reverse. Owner-confirmed purity is 99.80%. The gold-polished details are a surface finish on the silver coin.","DDA 5 Gram George V Two-Tone Round Silver Coin showing a gold-tone George V portrait and ornamental reverse","","true","true"
"3","C:\Users\kk\Desktop\Files\IMG_2375.jpeg","c75b418f25b46b257a6227b180ca79fee61dbfd626f939583e0a7deeb461c407","public/images/gallery-ingestion/desktop-files-2026-08-22/003-george-v-all-silver-round-coin-5g.png","DDA-COIN-20260822-003","DDA 5 Gram George V Round Silver Coin","category-coin","","silver","","999","99.80","owner-confirmed-2026-08-22","round","5","","","","","","","A 5 gram silver piece featuring an all-silver George V portrait and ornamental reverse. Owner-confirmed purity is 99.80%.","DDA 5 Gram George V Round Silver Coin showing an all-silver George V portrait and ornamental reverse","","true","true"
"4","C:\Users\kk\Desktop\Files\IMG_2376.jpeg","94f7e90b3515cd61082b24e716d2f90fb7edf0a5a665365aaa95c59d08dc147d","public/images/gallery-ingestion/desktop-files-2026-08-22/004-george-v-two-tone-oval-coin-10g.png","DDA-COIN-20260822-004","DDA 10 Gram George V Two-Tone Oval Silver Coin","category-coin","","silver","gold-polished","999","99.80","owner-confirmed-2026-08-22","oval","10","","","","","","","A 10 gram silver piece featuring an oval gold-tone George V portrait and decorative reverse. Owner-confirmed purity is 99.80%. The gold-polished details are a surface finish on the silver coin.","DDA 10 Gram George V Two-Tone Oval Silver Coin showing an oval gold-tone George V portrait and decorative reverse","","true","true"
"5","C:\Users\kk\Desktop\Files\IMG_2377.jpeg","68d2640a5deee2856401ca72df50901af6cc2da64122be8a85ef52d2d79f43cb","public/images/gallery-ingestion/desktop-files-2026-08-22/005-george-v-two-tone-oval-coin-20g.png","DDA-COIN-20260822-005","DDA 20 Gram George V Two-Tone Oval Silver Coin","category-coin","","silver","gold-polished","999","99.80","owner-confirmed-2026-08-22","oval","20","","","","","","","A 20 gram silver piece featuring an oval gold-tone George V portrait and decorative reverse. Owner-confirmed purity is 99.80%. The gold-polished details are a surface finish on the silver coin.","DDA 20 Gram George V Two-Tone Oval Silver Coin showing an oval gold-tone George V portrait and decorative reverse","","true","true"
"6","C:\Users\kk\Desktop\Files\IMG_2378.jpeg","31dda51115bfed51015fa131eead148440c904c13b33087ad0db1b4992f0fac0","public/images/gallery-ingestion/desktop-files-2026-08-22/006-george-v-two-tone-oval-coin-25g.png","DDA-COIN-20260822-006","DDA 25 Gram George V Two-Tone Oval Silver Coin","category-coin","","silver","gold-polished","999","99.80","owner-confirmed-2026-08-22","oval","25","","","","","","","A 25 gram silver piece featuring an oval gold-tone George V portrait and decorative reverse. Owner-confirmed purity is 99.80%. The gold-polished details are a surface finish on the silver coin.","DDA 25 Gram George V Two-Tone Oval Silver Coin showing an oval gold-tone George V portrait and decorative reverse","","true","true"
"7","C:\Users\kk\Desktop\Files\IMG_2379.jpeg","2b6c1e09675598003fc48e4950aec44cc73b6bbc7efdf17215491b3b45f3e441","public/images/gallery-ingestion/desktop-files-2026-08-22/007-george-v-two-tone-oval-coin-50g.png","DDA-COIN-20260822-007","DDA 50 Gram George V Two-Tone Oval Silver Coin","category-coin","","silver","gold-polished","999","99.80","owner-confirmed-2026-08-22","oval","50","","","","","","","A 50 gram silver piece featuring an oval gold-tone George V portrait and decorative reverse. Owner-confirmed purity is 99.80%. The gold-polished details are a surface finish on the silver coin.","DDA 50 Gram George V Two-Tone Oval Silver Coin showing an oval gold-tone George V portrait and decorative reverse","","true","true"
"8","C:\Users\kk\Desktop\Files\IMG_2380.jpeg","06544abbff55a23e45aafed1ddd8178c0eae5e1b2c22ed4442fc6e7a2098421e","public/images/gallery-ingestion/desktop-files-2026-08-22/008-george-v-two-tone-oval-coin-100g.png","DDA-COIN-20260822-008","DDA 100 Gram George V Two-Tone Oval Silver Coin","category-coin","","silver","gold-polished","999","99.80","owner-confirmed-2026-08-22","oval","100","","","","","","","A 100 gram silver piece featuring an oval gold-tone George V portrait and decorative reverse. Owner-confirmed purity is 99.80%. The gold-polished details are a surface finish on the silver coin.","DDA 100 Gram George V Two-Tone Oval Silver Coin showing an oval gold-tone George V portrait and decorative reverse","","true","true"
"9","C:\Users\kk\Desktop\Files\IMG_2381.jpeg","9077ce3171b71d738035dbde9ed6da4da4ead3a6f72606529fbbeeb113ba8afd","public/images/gallery-ingestion/desktop-files-2026-08-22/009-radha-krishna-two-tone-oval-coin-10g.png","DDA-COIN-20260822-009","DDA 10 Gram Radha Krishna Two-Tone Oval Silver Coin","category-coin","","silver","gold-polished","999","99.80","owner-confirmed-2026-08-22","oval","10","","","","","","","A 10 gram silver piece featuring Radha and Krishna beside a cow, peacock, and tree. Owner-confirmed purity is 99.80%. The gold-polished details are a surface finish on the silver coin.","DDA 10 Gram Radha Krishna Two-Tone Oval Silver Coin showing Radha and Krishna beside a cow, peacock, and tree","","true","true"
"10","C:\Users\kk\Desktop\Files\IMG_2382.jpeg","7cea499a8dc0ebbd19597a8e30b30f2fca3659b28fd11e9f14aa9aedb936c00b","public/images/gallery-ingestion/desktop-files-2026-08-22/010-radha-krishna-two-tone-oval-coin-20g.png","DDA-COIN-20260822-010","DDA 20 Gram Radha Krishna Two-Tone Oval Silver Coin","category-coin","","silver","gold-polished","999","99.80","owner-confirmed-2026-08-22","oval","20","","","","","","","A 20 gram silver piece featuring Radha and Krishna beside a cow, peacock, and tree. Owner-confirmed purity is 99.80%. The gold-polished details are a surface finish on the silver coin.","DDA 20 Gram Radha Krishna Two-Tone Oval Silver Coin showing Radha and Krishna beside a cow, peacock, and tree","","true","true"
"11","C:\Users\kk\Desktop\Files\IMG_2383.jpeg","f27889eab4b1895969e5fb8a97f2663c41dd5554937987d253b30c37dd7193d9","public/images/gallery-ingestion/desktop-files-2026-08-22/011-floral-panel-silver-purse-405g.png","PR-2201","DDA 405 Gram Floral Panel Silver Purse","category-purse","","silver","","","92.5","owner-confirmed-2026-08-22","","405","","","","","","","A 405 gram purse in confirmed 92.5% silver with dense floral, scalloped, and striped panels with a circular handle.","DDA 405 Gram Floral Panel Silver Purse showing dense floral, scalloped, and striped panels with a circular handle","","true","true"
"12","C:\Users\kk\Desktop\Files\IMG_2384.jpeg","76e2d6b3dabc67213070de4af6366fa156ab2e8535ea7c4d676bf91074254f6f","public/images/gallery-ingestion/desktop-files-2026-08-22/012-woven-lattice-two-tone-silver-purse-400g.png","PR-2202","DDA 400 Gram Woven Lattice Two-Tone Silver Purse","category-purse","","silver","","","92.5","owner-confirmed-2026-08-22","","400","","","","","","","A 400 gram purse in confirmed 92.5% silver with a woven lattice body, gold-tone clasp, floral stones, and loop handle.","DDA 400 Gram Woven Lattice Two-Tone Silver Purse showing a woven lattice body, gold-tone clasp, floral stones, and loop handle","","true","true"
"13","C:\Users\kk\Desktop\Files\IMG_2385.jpeg","d310ce363ce9c339ae09387435551ba5130a5fa5d344a9046240943740956b28","public/images/gallery-ingestion/desktop-files-2026-08-22/013-openwork-scroll-silver-purse-450g.png","PR-2203","DDA 450 Gram Openwork Scroll Silver Purse","category-purse","","silver","","","92.5","owner-confirmed-2026-08-22","","450","","","","","","","A 450 gram purse in confirmed 92.5% silver with openwork floral-scroll filigree and a round handle.","DDA 450 Gram Openwork Scroll Silver Purse showing openwork floral-scroll filigree and a round handle","","true","true"
"14","C:\Users\kk\Desktop\Files\IMG_2386.jpeg","9b07cf6adf3115b8b6a0066be9363b0346d727d78735d7596905f527db51437a","public/images/gallery-ingestion/desktop-files-2026-08-22/014-peacock-motif-silver-purse-400g.png","PR-2204","DDA 400 Gram Peacock Motif Silver Purse","category-purse","","silver","","","92.5","owner-confirmed-2026-08-22","","400","","","","","","","A 400 gram purse in confirmed 92.5% silver with a peacock motif, geometric field, and circular handle.","DDA 400 Gram Peacock Motif Silver Purse showing a peacock motif, geometric field, and circular handle","","true","true"
"15","C:\Users\kk\Desktop\Files\IMG_2387.jpeg","03278f8219ebc40d0ded079ac2c5bf0888ba205ed089c28370bbaae45f7dbbfd","public/images/gallery-ingestion/desktop-files-2026-08-22/015-radha-krishna-two-tone-oval-coin-25g.png","DDA-COIN-20260822-015","DDA 25 Gram Radha Krishna Two-Tone Oval Silver Coin","category-coin","","silver","gold-polished","999","99.80","owner-confirmed-2026-08-22","oval","25","","","","","","","A 25 gram silver piece featuring Radha and Krishna beside a cow, peacock, and tree. Owner-confirmed purity is 99.80%. The gold-polished details are a surface finish on the silver coin.","DDA 25 Gram Radha Krishna Two-Tone Oval Silver Coin showing Radha and Krishna beside a cow, peacock, and tree","","true","true"
"16","C:\Users\kk\Desktop\Files\IMG_2388.jpeg","7568c0dcf77f3e506275f0664d607a64d200e4de35576ea20435c73bd8c98145","public/images/gallery-ingestion/desktop-files-2026-08-22/016-radha-krishna-two-tone-oval-coin-50g.png","DDA-COIN-20260822-016","DDA 50 Gram Radha Krishna Two-Tone Oval Silver Coin","category-coin","","silver","gold-polished","999","99.80","owner-confirmed-2026-08-22","oval","50","","","","","","","A 50 gram silver piece featuring Radha and Krishna beside a cow, peacock, and tree. Owner-confirmed purity is 99.80%. The gold-polished details are a surface finish on the silver coin.","DDA 50 Gram Radha Krishna Two-Tone Oval Silver Coin showing Radha and Krishna beside a cow, peacock, and tree","","true","true"
"17","C:\Users\kk\Desktop\Files\IMG_2389.jpeg","617320b390a5392e629091fa0682e8353b382e74afd575fd3adeb200ba15d2b0","public/images/gallery-ingestion/desktop-files-2026-08-22/017-ram-darbar-two-tone-oval-coin-50g.png","DDA-COIN-20260822-017","DDA 50 Gram Ram Darbar Two-Tone Oval Silver Coin","category-coin","","silver","gold-polished","999","99.80","owner-confirmed-2026-08-22","oval","50","","","","","","","A 50 gram silver piece featuring a gold-tone Ram Darbar scene with an ornamental reverse. Owner-confirmed purity is 99.80%. The gold-polished details are a surface finish on the silver coin.","DDA 50 Gram Ram Darbar Two-Tone Oval Silver Coin showing a gold-tone Ram Darbar scene with an ornamental reverse","","true","true"
"18","C:\Users\kk\Desktop\Files\IMG_2390.jpeg","ccaf3a2148c92abe8328cf3b378a2f1219dc913060fef5ff4b8f90debad109fb","public/images/gallery-ingestion/desktop-files-2026-08-22/018-bal-krishna-two-tone-oval-coin-50g.png","DDA-COIN-20260822-018","DDA 50 Gram Bal Krishna Two-Tone Oval Silver Coin","category-coin","","silver","gold-polished","999","99.80","owner-confirmed-2026-08-22","oval","50","","","","","","","A 50 gram silver piece featuring crawling Bal Krishna with a bowl and flute. Owner-confirmed purity is 99.80%. The gold-polished details are a surface finish on the silver coin.","DDA 50 Gram Bal Krishna Two-Tone Oval Silver Coin showing crawling Bal Krishna with a bowl and flute","","true","true"
"19","C:\Users\kk\Desktop\Files\IMG_2391.jpeg","4bc1bf8aec2e626f3440532cd668b29053674a8c37bde4baafd04c53a4392aab","public/images/gallery-ingestion/desktop-files-2026-08-22/019-queen-elizabeth-tree-of-life-square-coin-50g.png","DDA-COIN-20260822-019","DDA 50 Gram Queen Elizabeth Tree of Life Square Silver Coin","category-coin","","silver","","999","99.80","owner-confirmed-2026-08-22","square","50","","","","","","","A 50 gram silver piece featuring a Queen Elizabeth II portrait and Tree of Life reverse. Owner-confirmed purity is 99.80%.","DDA 50 Gram Queen Elizabeth Tree of Life Square Silver Coin showing a Queen Elizabeth II portrait and Tree of Life reverse","","true","true"
"20","C:\Users\kk\Desktop\Files\IMG_2392.jpeg","898cea35f849d33bb3015408a2c38d6cb256d102057b7b9f263a34fbabbca030","public/images/gallery-ingestion/desktop-files-2026-08-22/020-queen-elizabeth-tree-of-life-square-coin-100g.png","DDA-COIN-20260822-020","DDA 100 Gram Queen Elizabeth Tree of Life Square Silver Coin","category-coin","","silver","","999","99.80","owner-confirmed-2026-08-22","square","100","","","","","","","A 100 gram silver piece featuring a Queen Elizabeth II portrait and Tree of Life reverse. Owner-confirmed purity is 99.80%.","DDA 100 Gram Queen Elizabeth Tree of Life Square Silver Coin showing a Queen Elizabeth II portrait and Tree of Life reverse","","true","true"
"21","C:\Users\kk\Desktop\Files\IMG_2393.jpeg","2eb0b077102c10c56f1406e8c2fc8bcafe56239deb506cb296695998ba584e7e","public/images/gallery-ingestion/desktop-files-2026-08-22/021-queen-elizabeth-tree-of-life-square-coin-10g.png","DDA-COIN-20260822-021","DDA 10 Gram Queen Elizabeth Tree of Life Square Silver Coin","category-coin","","silver","","999","99.80","owner-confirmed-2026-08-22","square","10","","","","","","","A 10 gram silver piece featuring a Queen Elizabeth II portrait and Tree of Life reverse. Owner-confirmed purity is 99.80%.","DDA 10 Gram Queen Elizabeth Tree of Life Square Silver Coin showing a Queen Elizabeth II portrait and Tree of Life reverse","","true","true"
"22","C:\Users\kk\Desktop\Files\IMG_2394.jpeg","87fa3a49ba4113aa98bbb8dac9e21f28b9f220ddffe482cf6b7a09a71dc08c41","public/images/gallery-ingestion/desktop-files-2026-08-22/022-queen-elizabeth-tree-of-life-square-coin-20g.png","DDA-COIN-20260822-022","DDA 20 Gram Queen Elizabeth Tree of Life Square Silver Coin","category-coin","","silver","","999","99.80","owner-confirmed-2026-08-22","square","20","","","","","","","A 20 gram silver piece featuring a Queen Elizabeth II portrait and Tree of Life reverse. Owner-confirmed purity is 99.80%.","DDA 20 Gram Queen Elizabeth Tree of Life Square Silver Coin showing a Queen Elizabeth II portrait and Tree of Life reverse","","true","true"
"23","C:\Users\kk\Desktop\Files\IMG_2395.jpeg","36c7e2cea9913e8b7f91bdca8f714a0dbaee61dd588d9862b947fbdb5a18dc18","public/images/gallery-ingestion/desktop-files-2026-08-22/023-bal-krishna-two-tone-oval-coin-20g.png","DDA-COIN-20260822-023","DDA 20 Gram Bal Krishna Two-Tone Oval Silver Coin","category-coin","","silver","gold-polished","999","99.80","owner-confirmed-2026-08-22","oval","20","","","","","","","A 20 gram silver piece featuring crawling Bal Krishna with a bowl and flute. Owner-confirmed purity is 99.80%. The gold-polished details are a surface finish on the silver coin.","DDA 20 Gram Bal Krishna Two-Tone Oval Silver Coin showing crawling Bal Krishna with a bowl and flute","","true","true"
"24","C:\Users\kk\Desktop\Files\IMG_2396.jpeg","1bb059634e08126784e4b5ab85503220f4258d36e8200b3339d80db8d2d7439b","public/images/gallery-ingestion/desktop-files-2026-08-22/024-bal-krishna-two-tone-oval-coin-10g.png","DDA-COIN-20260822-024","DDA 10 Gram Bal Krishna Two-Tone Oval Silver Coin","category-coin","","silver","gold-polished","999","99.80","owner-confirmed-2026-08-22","oval","10","","","","","","","A 10 gram silver piece featuring crawling Bal Krishna with a bowl and flute. Owner-confirmed purity is 99.80%. The gold-polished details are a surface finish on the silver coin.","DDA 10 Gram Bal Krishna Two-Tone Oval Silver Coin showing crawling Bal Krishna with a bowl and flute","","true","true"
"25","C:\Users\kk\Desktop\Files\IMG_2397.jpeg","6571fe2ee2e3c4e68e8c34e85748938c5eae08028051c588564baef18c7b47a6","public/images/gallery-ingestion/desktop-files-2026-08-22/025-tree-of-life-scalloped-silver-coin-25g.png","DDA-COIN-20260822-025","DDA 25 Gram Scalloped Tree of Life Silver Coin","category-coin","","silver","","999","99.80","owner-confirmed-2026-08-22","scalloped","25","","","","","","","A 25 gram silver piece featuring a flower-shaped scalloped edge and Tree of Life design. Owner-confirmed purity is 99.80%.","DDA 25 Gram Scalloped Tree of Life Silver Coin showing a flower-shaped scalloped edge and Tree of Life design","","true","true"
"26","C:\Users\kk\Desktop\Files\IMG_2398.jpeg","c0d477dafdb9c3bdf165b769648760deeac5ec2c5cc4398b4c8902260ea8e14b","public/images/gallery-ingestion/desktop-files-2026-08-22/026-radha-krishna-all-silver-oval-coin-25g.png","DDA-COIN-20260822-026","DDA 25 Gram Radha Krishna Oval Silver Coin","category-coin","","silver","","999","99.80","owner-confirmed-2026-08-22","oval","25","","","","","","","A 25 gram silver piece featuring an all-silver Radha Krishna scene and ornamental reverse. Owner-confirmed purity is 99.80%.","DDA 25 Gram Radha Krishna Oval Silver Coin showing an all-silver Radha Krishna scene and ornamental reverse","","true","true"
"27","C:\Users\kk\Desktop\Files\IMG_2399.jpeg","ae127a8bebfab0c6c0aac6f2cb75d0f92d5f61429dd38472bee4b27365e945d8","public/images/gallery-ingestion/desktop-files-2026-08-22/027-ram-darbar-all-silver-oval-coin-25g.png","DDA-COIN-20260822-027","DDA 25 Gram Ram Darbar Oval Silver Coin","category-coin","","silver","","999","99.80","owner-confirmed-2026-08-22","oval","25","","","","","","","A 25 gram silver piece featuring an all-silver Ram Darbar scene and ornamental reverse. Owner-confirmed purity is 99.80%.","DDA 25 Gram Ram Darbar Oval Silver Coin showing an all-silver Ram Darbar scene and ornamental reverse","","true","true"
"28","C:\Users\kk\Desktop\Files\IMG_2400.jpeg","deaeac8064eb3ad4eab0ad8e0405cab8d624cbf75da026240fe581280bb7b9a2","public/images/gallery-ingestion/desktop-files-2026-08-22/028-tree-of-life-scalloped-silver-coin-50g.png","DDA-COIN-20260822-028","DDA 50 Gram Scalloped Tree of Life Silver Coin","category-coin","","silver","","999","99.80","owner-confirmed-2026-08-22","scalloped","50","","","","","","","A 50 gram silver piece featuring a flower-shaped scalloped edge and Tree of Life design. Owner-confirmed purity is 99.80%.","DDA 50 Gram Scalloped Tree of Life Silver Coin showing a flower-shaped scalloped edge and Tree of Life design","","true","true"
"29","C:\Users\kk\Desktop\Files\IMG_2401.jpeg","a559fbd992568e42715ed219dd6bb6ceb83a949acf0a58c147023dd1cb8123f4","public/images/gallery-ingestion/desktop-files-2026-08-22/029-tree-of-life-round-silver-coin-50g.png","DDA-COIN-20260822-029","DDA 50 Gram Round Tree of Life Silver Coin","category-coin","","silver","","999.9","99.80","owner-confirmed-2026-08-22","round","50","","","","","","","A 50 gram silver piece featuring a round Tree of Life face and branded reverse. Owner-confirmed purity is 99.80%.","DDA 50 Gram Round Tree of Life Silver Coin showing a round Tree of Life face and branded reverse","","true","true"
"30","C:\Users\kk\Desktop\Files\IMG_2402.jpeg","b3dfb910fef7524a60e48a2da006097622c7763e65771151fad03e992a85b3bf","public/images/gallery-ingestion/desktop-files-2026-08-22/030-tree-of-life-round-silver-coin-20g.png","DDA-COIN-20260822-030","DDA 20 Gram Round Tree of Life Silver Coin","category-coin","","silver","","999.9","99.80","owner-confirmed-2026-08-22","round","20","","","","","","","A 20 gram silver piece featuring a round Tree of Life face and branded reverse. Owner-confirmed purity is 99.80%.","DDA 20 Gram Round Tree of Life Silver Coin showing a round Tree of Life face and branded reverse","","true","true"
"31","C:\Users\kk\Desktop\Files\IMG_2403.jpeg","90965f4a33e592e22af6ffc056dac61d841ebeb79bdb614bea578b13f9c91fdc","public/images/gallery-ingestion/desktop-files-2026-08-22/031-radha-krishna-all-silver-oval-coin-20g.png","DDA-COIN-20260822-031","DDA 20 Gram Radha Krishna Oval Silver Coin","category-coin","","silver","","999","99.80","owner-confirmed-2026-08-22","oval","20","","","","","","","A 20 gram silver piece featuring an all-silver Radha Krishna scene and ornamental reverse. Owner-confirmed purity is 99.80%.","DDA 20 Gram Radha Krishna Oval Silver Coin showing an all-silver Radha Krishna scene and ornamental reverse","","true","true"
"32","C:\Users\kk\Desktop\Files\IMG_2404.jpeg","e64e17da187f3c6af96eb92ad7df96c4840fb82627e3c704324bdc1782d7a4fc","public/images/gallery-ingestion/desktop-files-2026-08-22/032-radha-krishna-all-silver-oval-coin-50g.png","DDA-COIN-20260822-032","DDA 50 Gram Radha Krishna Oval Silver Coin","category-coin","","silver","","999","99.80","owner-confirmed-2026-08-22","oval","50","","","","","","","A 50 gram silver piece featuring an all-silver Radha Krishna scene and ornamental reverse. Owner-confirmed purity is 99.80%.","DDA 50 Gram Radha Krishna Oval Silver Coin showing an all-silver Radha Krishna scene and ornamental reverse","","true","true"
"33","C:\Users\kk\Desktop\Files\IMG_2405.jpeg","af13b7552bb6d13b3da4c0a3153b83f8f5482efbeafb8bae08503bd63f490982","public/images/gallery-ingestion/desktop-files-2026-08-22/033-classical-profile-rectangular-silver-bar-100g.png","DDA-COIN-20260822-033","DDA 100 Gram Classical Profile Rectangular Silver Bar","category-coin","","silver","","999.9","99.80","owner-confirmed-2026-08-22","rectangle","100","","","","","","","A 100 gram silver piece featuring a classical-profile portrait and ornate rectangular border. Owner-confirmed purity is 99.80%.","DDA 100 Gram Classical Profile Rectangular Silver Bar showing a classical-profile portrait and ornate rectangular border","","true","true"
"34","C:\Users\kk\Desktop\Files\IMG_2406.jpeg","fdb599a673aed910482739118d330423781993ad608f3eadb76e342590fbaa9e","public/images/gallery-ingestion/desktop-files-2026-08-22/034-classical-profile-rectangular-silver-bar-50g.png","DDA-COIN-20260822-034","DDA 50 Gram Classical Profile Rectangular Silver Bar","category-coin","","silver","","999.9","99.80","owner-confirmed-2026-08-22","rectangle","50","","","","","","","A 50 gram silver piece featuring a classical-profile portrait and ornate rectangular border. Owner-confirmed purity is 99.80%.","DDA 50 Gram Classical Profile Rectangular Silver Bar showing a classical-profile portrait and ornate rectangular border","","true","true"
"35","C:\Users\kk\Desktop\Files\IMG_2407.jpeg","7d0ecd6f3f0dbde9841ed3c2528bb5a53435ed6ea1ba94200e265fc736b6f94b","public/images/gallery-ingestion/desktop-files-2026-08-22/035-classical-profile-rectangular-silver-bar-20g.png","DDA-COIN-20260822-035","DDA 20 Gram Classical Profile Rectangular Silver Bar","category-coin","","silver","","999.9","99.80","owner-confirmed-2026-08-22","rectangle","20","","","","","","","A 20 gram silver piece featuring a classical-profile portrait and ornate rectangular border. Owner-confirmed purity is 99.80%.","DDA 20 Gram Classical Profile Rectangular Silver Bar showing a classical-profile portrait and ornate rectangular border","","true","true"
"36","C:\Users\kk\Desktop\Files\IMG_2408.jpeg","10e53734dd088bf5b05fcd4d1d1c0f75c533182aa73912acb706583e27f53ed2","public/images/gallery-ingestion/desktop-files-2026-08-22/036-classical-profile-rectangular-silver-bar-10g.png","DDA-COIN-20260822-036","DDA 10 Gram Classical Profile Rectangular Silver Bar","category-coin","","silver","","999.9","99.80","owner-confirmed-2026-08-22","rectangle","10","","","","","","","A 10 gram silver piece featuring a classical-profile portrait and ornate rectangular border. Owner-confirmed purity is 99.80%.","DDA 10 Gram Classical Profile Rectangular Silver Bar showing a classical-profile portrait and ornate rectangular border","","true","true"
"37","C:\Users\kk\Desktop\Files\IMG_2409.jpeg","bed4f7fdc4d98d264641efa233e395a47248d467a35bc5f38c0aa36b6054176b","public/images/gallery-ingestion/desktop-files-2026-08-22/037-classical-profile-rectangular-silver-bar-5g.png","DDA-COIN-20260822-037","DDA 5 Gram Classical Profile Rectangular Silver Bar","category-coin","","silver","","999.9","99.80","owner-confirmed-2026-08-22","rectangle","5","","","","","","","A 5 gram silver piece featuring a classical-profile portrait and ornate rectangular border. Owner-confirmed purity is 99.80%.","DDA 5 Gram Classical Profile Rectangular Silver Bar showing a classical-profile portrait and ornate rectangular border","","true","true"
"38","C:\Users\kk\Desktop\Files\IMG_2410.jpeg","a4b638e55cc5b45882395b2b6ae63bc5088169e47298fa60a0a844391d89b3de","public/images/gallery-ingestion/desktop-files-2026-08-22/038-mahavir-navkar-mantra-round-silver-coin.png","DDA-COIN-20260822-038","DDA Mahavir Navkar Mantra Round Silver Coin","category-coin","","silver","","DDA 999","99.80","owner-confirmed-2026-08-22","round","10","","","","","","","A 10 gram silver piece featuring Mahavir imagery encircled by Navkar Mantra lettering. Owner-confirmed purity is 99.80%.","DDA Mahavir Navkar Mantra Round Silver Coin showing Mahavir imagery encircled by Navkar Mantra lettering","","true","true"
"39","C:\Users\kk\Desktop\Files\IMG_2411.jpeg","c7e3ec521799f66896ac759a3bd9ed32c12ecd828547921dbf37ba509c46315b","public/images/gallery-ingestion/desktop-files-2026-08-22/039-ram-darbar-ram-mandir-round-silver-coin-10g.png","DDA-COIN-20260822-039","DDA 10 Gram Ram Darbar Ram Mandir Round Silver Coin","category-coin","","silver","","999","99.80","owner-confirmed-2026-08-22","round","10","","","","","","","A 10 gram silver piece featuring Ram Darbar on one face and the Ayodhya Ram Mandir on the other. Owner-confirmed purity is 99.80%.","DDA 10 Gram Ram Darbar Ram Mandir Round Silver Coin showing Ram Darbar on one face and the Ayodhya Ram Mandir on the other","","true","true"
"40","C:\Users\kk\Desktop\Files\IMG_2412.jpeg","8308dd7d88b6feb11a01afc90f4d6f52d122cf37b04e874b4cad447de1182118","public/images/gallery-ingestion/desktop-files-2026-08-22/040-durga-on-lion-round-silver-coin-10g.png","DDA-COIN-20260822-040","DDA 10 Gram Durga on Lion Round Silver Coin","category-coin","","silver","","999","99.80","owner-confirmed-2026-08-22","round","10","","","","","","","A 10 gram silver piece featuring Durga riding a lion with a decorative reverse. Owner-confirmed purity is 99.80%.","DDA 10 Gram Durga on Lion Round Silver Coin showing Durga riding a lion with a decorative reverse","","true","true"
"41","C:\Users\kk\Desktop\Files\IMG_2413.jpeg","ae6dd02ffa6d7a576d1111494fe6fb7953603e305de9a7a66a5e849080a5887b","public/images/gallery-ingestion/desktop-files-2026-08-22/041-ganesha-under-arch-round-silver-coin-10g.png","DDA-COIN-20260822-041","DDA 10 Gram Ganesha Under Arch Round Silver Coin","category-coin","","silver","","999","99.80","owner-confirmed-2026-08-22","round","10","","","","","","","A 10 gram silver piece featuring Ganesha seated beneath an ornamental arch. Owner-confirmed purity is 99.80%.","DDA 10 Gram Ganesha Under Arch Round Silver Coin showing Ganesha seated beneath an ornamental arch","","true","true"
"42","C:\Users\kk\Desktop\Files\IMG_2414.jpeg","fee596e533843b2a13fecb8b5bb2cf96f7abb354a85667d854dc05145e36086b","public/images/gallery-ingestion/desktop-files-2026-08-22/042-hanuman-carrying-mountain-round-silver-coin-10g.png","DDA-COIN-20260822-042","DDA 10 Gram Hanuman Carrying Mountain Round Silver Coin","category-coin","","silver","","999","99.80","owner-confirmed-2026-08-22","round","10","","","","","","","A 10 gram silver piece featuring Hanuman carrying the mountain in raised relief. Owner-confirmed purity is 99.80%.","DDA 10 Gram Hanuman Carrying Mountain Round Silver Coin showing Hanuman carrying the mountain in raised relief","","true","true"
"43","C:\Users\kk\Desktop\Files\IMG_2415.jpeg","9d6031e6a734f91d496b8ec5eb5b18f37ebc72004ccb41e0c91bca11bf8b033a","public/images/gallery-ingestion/desktop-files-2026-08-22/043-shiva-seated-round-silver-coin-10g.png","DDA-COIN-20260822-043","DDA 10 Gram Seated Shiva Round Silver Coin","category-coin","","silver","","999","99.80","owner-confirmed-2026-08-22","round","10","","","","","","","A 10 gram silver piece featuring Shiva seated in meditation with a decorative reverse. Owner-confirmed purity is 99.80%.","DDA 10 Gram Seated Shiva Round Silver Coin showing Shiva seated in meditation with a decorative reverse","","true","true"
"44","C:\Users\kk\Desktop\Files\IMG_2416.jpeg","c3c9d52798584cdba5262530582ecf06e8fda13d70dfb5f705fb8ed44a0e376e","public/images/gallery-ingestion/desktop-files-2026-08-22/044-srinathji-round-silver-coin-10g.png","DDA-COIN-20260822-044","DDA 10 Gram Srinathji Round Silver Coin","category-coin","","silver","","999","99.80","owner-confirmed-2026-08-22","round","10","","","","","","","A 10 gram silver piece featuring Srinathji in raised relief with an ornamental border. Owner-confirmed purity is 99.80%.","DDA 10 Gram Srinathji Round Silver Coin showing Srinathji in raised relief with an ornamental border","","true","true"
"45","C:\Users\kk\Desktop\Files\IMG_2417.jpeg","a995e97e9d4f0fa775575b49d01ebf2784c83a4db61c7bd9abab5656c3abb838","public/images/gallery-ingestion/desktop-files-2026-08-22/045-shiv-parivar-round-silver-coin-10g.png","DDA-COIN-20260822-045","DDA 10 Gram Shiv Parivar Round Silver Coin","category-coin","","silver","","999","99.80","owner-confirmed-2026-08-22","round","10","","","","","","","A 10 gram silver piece featuring the Shiv Parivar family scene in raised relief. Owner-confirmed purity is 99.80%.","DDA 10 Gram Shiv Parivar Round Silver Coin showing the Shiv Parivar family scene in raised relief","","true","true"
"46","C:\Users\kk\Desktop\Files\IMG_2418.jpeg","f57e4c19d6e94235f2373fefc1adfb85c8d5d2bb1a3a26e4d23db76cdb46ef7f","public/images/gallery-ingestion/desktop-files-2026-08-22/046-kaaba-allah-calligraphy-round-silver-coin-10g.png","DDA-COIN-20260822-046","DDA 10 Gram Kaaba and Allah Calligraphy Round Silver Coin","category-coin","","silver","","999","99.80","owner-confirmed-2026-08-22","round","10","","","","","","","A 10 gram silver piece featuring the Kaaba on one face and Arabic Allah calligraphy on the other. Owner-confirmed purity is 99.80%.","DDA 10 Gram Kaaba and Allah Calligraphy Round Silver Coin showing the Kaaba on one face and Arabic Allah calligraphy on the other","","true","true"
"47","C:\Users\kk\Desktop\Files\IMG_2419.jpeg","ec2c84534b418b1f3ead20cc5be699f4162f47b83ee645538f190154a32a9404","public/images/gallery-ingestion/desktop-files-2026-08-22/047-kaaba-786-round-silver-coin.png","DDA-COIN-20260822-047","DDA Kaaba and 786 Round Silver Coin","category-coin","","silver","","","99.80","owner-confirmed-2026-08-22","round","10","","","","","","","A 10 gram silver piece featuring the Kaaba, crescent and star, and 786 motifs. Owner-confirmed purity is 99.80%.","DDA Kaaba and 786 Round Silver Coin showing the Kaaba, crescent and star, and 786 motifs","","true","true"
"48","C:\Users\kk\Desktop\Files\IMG_2420.jpeg","a4916e4f4627c081b815f39585a21f5a9ad56cb1c3aac25c7a38802582c4b72d","public/images/gallery-ingestion/desktop-files-2026-08-22/048-khatu-shyam-oval-silver-coin.png","DDA-COIN-20260822-048","DDA Khatu Shyam Oval Silver Coin","category-coin","","silver","","DDA 999","99.80","owner-confirmed-2026-08-22","oval","10","","","","","","","A 10 gram silver piece featuring Khatu Shyam imagery with Hindi lettering and an ornamental border. Owner-confirmed purity is 99.80%.","DDA Khatu Shyam Oval Silver Coin showing Khatu Shyam imagery with Hindi lettering and an ornamental border","","true","true"
"49","C:\Users\kk\Desktop\Files\IMG_2421.jpeg","23587c926b8ceeab03e989dfc374a81905e7d022f7ae075f89de46efe6a673e2","public/images/gallery-ingestion/desktop-files-2026-08-22/049-srinathji-oval-silver-coin-10g.png","DDA-COIN-20260822-049","DDA 10 Gram Srinathji Oval Silver Coin","category-coin","","silver","","999","99.80","owner-confirmed-2026-08-22","oval","10","","","","","","","A 10 gram silver piece featuring Srinathji in an oval devotional composition. Owner-confirmed purity is 99.80%.","DDA 10 Gram Srinathji Oval Silver Coin showing Srinathji in an oval devotional composition","","true","true"
"50","C:\Users\kk\Desktop\Files\IMG_2422.jpeg","3479e238d1910bdc7d322aa01ba34e5f67b29b523980a9b341e36f9ff2e4855c","public/images/gallery-ingestion/desktop-files-2026-08-22/050-george-v-two-tone-oval-coin-15g-single-face.png","DDA-COIN-20260822-050","DDA 15 Gram George V Two-Tone Oval Silver Coin Front","category-coin","","silver","gold-polished","","99.80","owner-confirmed-2026-08-22","oval","15","","","","","","","A 15 gram silver piece featuring a single-face gold-tone George V portrait. Owner-confirmed purity is 99.80%. The gold-polished details are a surface finish on the silver coin.","DDA 15 Gram George V Two-Tone Oval Silver Coin Front showing a single-face gold-tone George V portrait","","true","true"
"51","C:\Users\kk\Desktop\Files\IMG_2423.jpeg","6dc58b7898ee791f34a3ecf1ddaf16ec162a4385d6112f5b178310b9fbb5d6fd","public/images/gallery-ingestion/desktop-files-2026-08-22/051-radha-krishna-two-tone-oval-coin-15g-single-face.png","DDA-COIN-20260822-051","DDA 15 Gram Radha Krishna Two-Tone Oval Silver Coin Front","category-coin","","silver","gold-polished","","99.80","owner-confirmed-2026-08-22","oval","15","","","","","","","A 15 gram silver piece featuring a single-face gold-tone Radha Krishna composition. Owner-confirmed purity is 99.80%. The gold-polished details are a surface finish on the silver coin.","DDA 15 Gram Radha Krishna Two-Tone Oval Silver Coin Front showing a single-face gold-tone Radha Krishna composition","","true","true"
"52","C:\Users\kk\Desktop\Files\IMG_2424.jpeg","6a7fd7e6980814e2e751bd1a3afc59f3e0dcaf0d8642e6b7889b0ff786f40d32","public/images/gallery-ingestion/desktop-files-2026-08-22/052-george-v-all-silver-oval-coin-15g-single-face.png","DDA-COIN-20260822-052","DDA 15 Gram George V Oval Silver Coin Front","category-coin","","silver","","","99.80","owner-confirmed-2026-08-22","oval","15","","","","","","","A 15 gram silver piece featuring a single-face all-silver George V portrait. Owner-confirmed purity is 99.80%.","DDA 15 Gram George V Oval Silver Coin Front showing a single-face all-silver George V portrait","","true","true"
"53","C:\Users\kk\Desktop\Files\IMG_2425.jpeg","5a7fd90c16b6a1ec0ef7d303b9644311eab0b435ae353efe6ceb0ee87f8fe822","public/images/gallery-ingestion/desktop-files-2026-08-22/053-radha-krishna-all-silver-oval-coin-single-face.png","DDA-COIN-20260822-053","DDA Radha Krishna Oval Silver Coin Front","category-coin","","silver","","","99.80","owner-confirmed-2026-08-22","oval","10","","","","","","","A 10 gram silver piece featuring a single-face all-silver Radha Krishna composition. Owner-confirmed purity is 99.80%.","DDA Radha Krishna Oval Silver Coin Front showing a single-face all-silver Radha Krishna composition","","true","true"
"54","C:\Users\kk\Desktop\Files\IMG_2426.jpeg","b70d04c803d697c01552d9b10ce7365abbf9d9e1b57804c592bb98ca2e7c3771","public/images/gallery-ingestion/desktop-files-2026-08-22/054-packaged-fine-gold-bar-1g-995.png","DDA-GOLD-20260822-054","DDA 1 Gram Packaged Fine Gold Bar","category-gold","","gold","","99.50","99.50","owner-confirmed-2026-08-22","rectangle","1","","","","","","","A 1 gram gold piece featuring a sealed assay-style pack and rectangular fine-gold bar. Owner-confirmed purity is 99.50%.","DDA 1 Gram Packaged Fine Gold Bar showing a sealed assay-style pack and rectangular fine-gold bar","","true","true"
"55","C:\Users\kk\Desktop\Files\IMG_2443.jpeg","78c335e953c2f456e093bb5032ae2ace6baf9debfa4279ca94e78de8493e1980","public/images/gallery-ingestion/desktop-files-2026-08-22/055-multicolor-enamel-petal-thali-set-9in-765g.png","DDA-UT-PT-2201","DDA 9 Inch Multicolor Enamel Petal Pooja Thali Set","category-utensils","pooja-thali-set","silver","","","92.5","owner-confirmed-2026-08-22","","765","","9","Diameter 9 inch","","","","A 765 gram, 9-inch Pooja Thali Set in confirmed 92.5% silver with a multicolor enamel petal border and coordinated ritual vessels.","DDA 9 Inch Multicolor Enamel Petal Pooja Thali Set showing a multicolor enamel petal border and coordinated ritual vessels","","true","true"
"56","C:\Users\kk\Desktop\Files\IMG_2444.jpeg","eba0b8236b3d9e7a6d7c99180aa405f11d949005989d254ba8f638e068336231","public/images/gallery-ingestion/desktop-files-2026-08-22/056-red-enamel-floral-thali-set-12in-930g.png","DDA-UT-PT-2202","DDA 12 Inch Red Enamel Floral Pooja Thali Set","category-utensils","pooja-thali-set","silver","","","92.5","owner-confirmed-2026-08-22","","930","","12","Diameter 12 inch","","","","A 930 gram, 12-inch Pooja Thali Set in confirmed 92.5% silver with a red enamel floral border with swastika, kalash, bowl, and lidded box.","DDA 12 Inch Red Enamel Floral Pooja Thali Set showing a red enamel floral border with swastika, kalash, bowl, and lidded box","","true","true"
"57","C:\Users\kk\Desktop\Files\IMG_2445.jpeg","55314b57d241926a6f284ae0989f3f4ed1291c79cd1849441eb127211af21597","public/images/gallery-ingestion/desktop-files-2026-08-22/057-blue-enamel-floral-thali-set-12in-1123g.png","DDA-UT-PT-2203","DDA 12 Inch Blue Enamel Floral Pooja Thali Set","category-utensils","pooja-thali-set","silver","","","92.5","owner-confirmed-2026-08-22","","1123","","12","Diameter 12 inch","","","","A 1123 gram, 12-inch Pooja Thali Set in confirmed 92.5% silver with a blue enamel floral border, oval wells, and coordinated vessels.","DDA 12 Inch Blue Enamel Floral Pooja Thali Set showing a blue enamel floral border, oval wells, and coordinated vessels","","true","true"
"58","C:\Users\kk\Desktop\Files\11f84376-bee9-41bf-8844-5ff825623303.jpeg","a21836be5a20f169f7cc0971207e89ea4fd87a417abf0930313128e8b8805976","public/images/gallery-ingestion/desktop-files-2026-08-22/058-radha-krishna-two-tone-oval-coin-5g-single-face.png","DDA-COIN-20260822-058","DDA 5 Gram Radha Krishna Two-Tone Oval Silver Coin Front","category-coin","","silver","gold-polished","","99.80","owner-confirmed-2026-08-22","oval","5","","","","alternateGalleryImage","false","DDA-COIN-20260822-067","A 5 gram silver piece featuring a single-face gold-tone Radha Krishna composition. Owner-confirmed purity is 99.80%. The gold-polished details are a surface finish on the silver coin.","DDA 5 Gram Radha Krishna Two-Tone Oval Silver Coin Front showing a single-face gold-tone Radha Krishna composition","","true","true"
"59","C:\Users\kk\Desktop\Files\14676abf-3495-4b70-8504-b40ae85b9eb1.jpeg","32645bc9f2555c55ba271d7471a3a8987c136f29fbff165fc0dadb6df4f76c30","public/images/gallery-ingestion/desktop-files-2026-08-22/059-floral-openwork-thali-set-8in-225g.png","DDA-UT-PT-2204","DDA 8 Inch Floral Openwork Pooja Thali Set","category-utensils","pooja-thali-set","silver","","","92.5","owner-confirmed-2026-08-22","","225","","8","Diameter 8 inch","","","","A 225 gram, 8-inch Pooja Thali Set in confirmed 92.5% silver with an openwork floral tray and gold-tone coordinated vessels.","DDA 8 Inch Floral Openwork Pooja Thali Set showing an openwork floral tray and gold-tone coordinated vessels","","true","true"
"60","C:\Users\kk\Desktop\Files\1cd890d5-e377-44da-a0b8-9c44647e5429.jpeg","a36ad87f77e51fa1843107fbc6133c6f03fb3e54d5aaa90d7ed36ac6d6a03cf3","public/images/gallery-ingestion/desktop-files-2026-08-22/060-george-v-all-silver-oval-coin-5g.png","DDA-COIN-20260822-060","DDA 5 Gram George V Oval Silver Coin","category-coin","","silver","","999","99.80","owner-confirmed-2026-08-22","oval","5","","","","","","","A 5 gram silver piece featuring an all-silver George V portrait and floral reverse. Owner-confirmed purity is 99.80%.","DDA 5 Gram George V Oval Silver Coin showing an all-silver George V portrait and floral reverse","","true","true"
"61","C:\Users\kk\Desktop\Files\1cee2f85-3ddc-4e62-aff7-ddbb8ece58ea.jpeg","7a6e237608e1d8acc2d894c9c105630d2ae7a3053ba8900ee0f20f5b082a8fcb","public/images/gallery-ingestion/desktop-files-2026-08-22/061-gold-tone-vessel-floral-thali-set-9in-275g.png","DDA-UT-PT-2205","DDA 9 Inch Floral Pooja Thali Set with Gold-Tone Vessels","category-utensils","pooja-thali-set","silver","","","92.5","owner-confirmed-2026-08-22","","275","","9","Diameter 9 inch","","","","A 275 gram, 9-inch Pooja Thali Set in confirmed 92.5% silver with a floral-scroll silver tray and contrasting gold-tone vessels.","DDA 9 Inch Floral Pooja Thali Set with Gold-Tone Vessels showing a floral-scroll silver tray and contrasting gold-tone vessels","","true","true"
"62","C:\Users\kk\Desktop\Files\2e1bd7f4-bc2d-4662-b604-a88818416a95.jpeg","6cd5afe011410e42b1fd82d8787e79974a5c3317d2b0390b9e96a2f9fc20d700","public/images/gallery-ingestion/desktop-files-2026-08-22/062-ornate-embossed-thali-set-8in-400g.png","DDA-UT-PT-2206","DDA 8 Inch Ornate Embossed Pooja Thali Set","category-utensils","pooja-thali-set","silver","","","92.5","owner-confirmed-2026-08-22","","400","","8","Diameter 8 inch","","","","A 400 gram, 8-inch Pooja Thali Set in confirmed 92.5% silver with dense embossed ornament and three coordinated vessels.","DDA 8 Inch Ornate Embossed Pooja Thali Set showing dense embossed ornament and three coordinated vessels","","true","true"
"63","C:\Users\kk\Desktop\Files\367ba6d7-c06c-4e12-a75c-05098b412cd8.jpeg","3ce0d6535b9387d054f5887f6bfe879795f16def5de6b87b3bfc06cfc0941987","public/images/gallery-ingestion/desktop-files-2026-08-22/063-packaged-classical-profile-fine-gold-bar-5g-995.png","DDA-GOLD-20260822-063","DDA 5 Gram Packaged Classical Profile Fine Gold Bar","category-gold","","gold","","99.50","99.50","owner-confirmed-2026-08-22","rectangle","5","0.03","","","","","","A 5 gram gold piece featuring a classical-profile rectangular bar in a sealed assay-style pack. Owner-confirmed purity is 99.50%.","DDA 5 Gram Packaged Classical Profile Fine Gold Bar showing a classical-profile rectangular bar in a sealed assay-style pack","","true","true"
"64","C:\Users\kk\Desktop\Files\3fd2b7a6-01e7-4a9d-891a-d4361c0d20f8.jpeg","2a88e9309474b54d70b5b09d3a6b0532ee0e89991a4da92683cc19df58319fa6","public/images/gallery-ingestion/desktop-files-2026-08-22/064-floral-scroll-ghungroo-thali-set-10in-500g.png","DDA-UT-PT-2207","DDA 10 Inch Floral Scroll Ghungroo Pooja Thali Set","category-utensils","pooja-thali-set","silver","","","92.5","owner-confirmed-2026-08-22","","500","","10","Diameter 10 inch","","","","A 500 gram, 10-inch Pooja Thali Set in confirmed 92.5% silver with floral scrollwork, gold accents, hanging ghungroo, and three vessels.","DDA 10 Inch Floral Scroll Ghungroo Pooja Thali Set showing floral scrollwork, gold accents, hanging ghungroo, and three vessels","","true","true"
"65","C:\Users\kk\Desktop\Files\539af97c-9485-4480-911e-dc120c3667c4.jpeg","8fd3debc1bb4eeed8ff559df5e443a0a4f419134743d82a71d98e98d82f07bc1","public/images/gallery-ingestion/desktop-files-2026-08-22/065-radha-krishna-all-silver-oval-coin-5g.png","DDA-COIN-20260822-065","DDA 5 Gram Radha Krishna Oval Silver Coin","category-coin","","silver","","999","99.80","owner-confirmed-2026-08-22","oval","5","","","","","","","A 5 gram silver piece featuring an all-silver Radha Krishna face and ornamental reverse. Owner-confirmed purity is 99.80%.","DDA 5 Gram Radha Krishna Oval Silver Coin showing an all-silver Radha Krishna face and ornamental reverse","","true","true"
"66","C:\Users\kk\Desktop\Files\5b41612d-590c-4f13-8d2f-e92736b6aee5.jpeg","e115fc4b3cbe5def385a2b8519d6d51ab411eed795d1992bbdc407ec68f85a3a","public/images/gallery-ingestion/desktop-files-2026-08-22/066-leaf-petal-thali-set-10in-400g.png","DDA-UT-PT-2208","DDA 10 Inch Leaf Petal Pooja Thali Set","category-utensils","pooja-thali-set","silver","","","92.5","owner-confirmed-2026-08-22","","400","","10","Diameter 10 inch","","","","A 400 gram, 10-inch Pooja Thali Set in confirmed 92.5% silver with a leaf-and-petal tray design with three coordinated vessels.","DDA 10 Inch Leaf Petal Pooja Thali Set showing a leaf-and-petal tray design with three coordinated vessels","","true","true"
"67","C:\Users\kk\Desktop\Files\6ceb8430-1109-43a3-ac8a-b1ad9d245853.jpeg","7415443608bdb1624b92699e7022e31d5e3cc0e2f4642e32519c7d67a2402a22","public/images/gallery-ingestion/desktop-files-2026-08-22/067-radha-krishna-two-tone-oval-coin-5g.png","DDA-COIN-20260822-067","DDA 5 Gram Radha Krishna Two-Tone Oval Silver Coin","category-coin","","silver","gold-polished","999","99.80","owner-confirmed-2026-08-22","oval","5","","","","","","","A 5 gram silver piece featuring a gold-tone Radha Krishna face and ornamental reverse. Owner-confirmed purity is 99.80%. The gold-polished details are a surface finish on the silver coin.","DDA 5 Gram Radha Krishna Two-Tone Oval Silver Coin showing a gold-tone Radha Krishna face and ornamental reverse","","true","true"
"68","C:\Users\kk\Desktop\Files\84a157ea-d482-4e03-a8b5-f75fb7b6de27.jpeg","003df566da359c868877d84c65412b5feb80d9697e20f72096fa0432663a9a65","public/images/gallery-ingestion/desktop-files-2026-08-22/068-george-v-two-tone-oval-coin-5g-single-face.png","DDA-COIN-20260822-068","DDA 5 Gram George V Two-Tone Oval Silver Coin Front","category-coin","","silver","gold-polished","","99.80","owner-confirmed-2026-08-22","oval","5","","","","alternateGalleryImage","false","DDA-COIN-20260822-070","A 5 gram silver piece featuring a single-face gold-tone George V portrait. Owner-confirmed purity is 99.80%. The gold-polished details are a surface finish on the silver coin.","DDA 5 Gram George V Two-Tone Oval Silver Coin Front showing a single-face gold-tone George V portrait","","true","true"
"69","C:\Users\kk\Desktop\Files\85bf56d5-1730-4232-9327-7c5500c3576c.jpeg","e5af92bf055a287e927ae3efe67296ce0ffb7a9889524b51c732c0a650cf8fb4","public/images/gallery-ingestion/desktop-files-2026-08-22/069-george-v-all-silver-oval-coin-5g-single-face.png","DDA-COIN-20260822-069","DDA 5 Gram George V Oval Silver Coin Front","category-coin","","silver","","","99.80","owner-confirmed-2026-08-22","oval","5","","","","alternateGalleryImage","false","DDA-COIN-20260822-060","A 5 gram silver piece featuring a single-face all-silver George V portrait. Owner-confirmed purity is 99.80%.","DDA 5 Gram George V Oval Silver Coin Front showing a single-face all-silver George V portrait","","true","true"
"70","C:\Users\kk\Desktop\Files\90a4809d-37a3-4f2e-adaa-84993bba3cde.jpeg","7aedaa6460ed94aa3ee56510506874ee2db3eb40960ece6d4141e152008cb788","public/images/gallery-ingestion/desktop-files-2026-08-22/070-george-v-two-tone-oval-coin-5g.png","DDA-COIN-20260822-070","DDA 5 Gram George V Two-Tone Oval Silver Coin","category-coin","","silver","gold-polished","999","99.80","owner-confirmed-2026-08-22","oval","5","","","","","","","A 5 gram silver piece featuring an oval gold-tone George V portrait paired with a patterned reverse. Owner-confirmed purity is 99.80%. The gold-polished details are a surface finish on the silver coin.","DDA 5 Gram George V Two-Tone Oval Silver Coin showing an oval gold-tone George V portrait paired with a patterned reverse","","true","true"
"71","C:\Users\kk\Desktop\Files\a4a08061-788e-4f7c-9b7f-5e3a5be288ea.jpeg","11a038421bbddf1b9063f8fdcb7340f017b6c59b3de91b76a397c8e73d0102e0","public/images/gallery-ingestion/desktop-files-2026-08-22/071-packaged-classical-profile-fine-gold-bar-10g-995.png","DDA-GOLD-20260822-071","DDA 10 Gram Packaged Classical Profile Fine Gold Bar","category-gold","","gold","","99.50","99.50","owner-confirmed-2026-08-22","rectangle","10","0.03","","","","","","A 10 gram gold piece featuring a classical-profile rectangular bar in a sealed assay-style pack. Owner-confirmed purity is 99.50%.","DDA 10 Gram Packaged Classical Profile Fine Gold Bar showing a classical-profile rectangular bar in a sealed assay-style pack","","true","true"
"72","C:\Users\kk\Desktop\Files\b5b74478-0f80-4f40-8e06-761e21a4d20b.jpeg","b8e1a3775e412cf0fe63c518502b48bb8bb946aa2ad382a51e9ee9df697c0778","public/images/gallery-ingestion/desktop-files-2026-08-22/072-packaged-queen-victoria-gold-coin-8g-916.png","DDA-GOLD-20260822-072","DDA 8 Gram Packaged Queen Victoria Gold Coin","category-gold","","gold","","91.60","99.50","owner-confirmed-2026-08-22","round","8","0.03","","","","","","A 8 gram gold piece featuring a round Queen Victoria portrait coin in a sealed assay-style pack. Owner-confirmed purity is 99.50%.","DDA 8 Gram Packaged Queen Victoria Gold Coin showing a round Queen Victoria portrait coin in a sealed assay-style pack","","true","true"
"73","C:\Users\kk\Desktop\Files\b68273dd-ae42-41b6-81d5-23a0e672e48f.jpeg","873c66255006ed92bd36347d647362e1e013f27ef047afb227ebdb594e53c6de","public/images/gallery-ingestion/desktop-files-2026-08-22/073-lotus-ghungroo-thali-set-6in-150g.png","DDA-UT-PT-2209","DDA 6 Inch Lotus Ghungroo Pooja Thali Set","category-utensils","pooja-thali-set","silver","","","92.5","owner-confirmed-2026-08-22","","150","","6","Diameter 6 inch","","","","A 150 gram, 6-inch Pooja Thali Set in confirmed 92.5% silver with lotus engraving, hanging ghungroo, and three coordinated vessels.","DDA 6 Inch Lotus Ghungroo Pooja Thali Set showing lotus engraving, hanging ghungroo, and three coordinated vessels","","true","true"
"74","C:\Users\kk\Desktop\Files\bc3b199c-4eb6-479e-b2c3-4cd02f5006fe.jpeg","2a015c5808ac6bdd21a81196f1ae9e00abb86ae6eb997975a7ef98b5046721f1","public/images/gallery-ingestion/desktop-files-2026-08-22/074-blue-teal-enamel-thali-set-10in-765g.png","DDA-UT-PT-2210","DDA 10 Inch Blue Teal Enamel Pooja Thali Set","category-utensils","pooja-thali-set","silver","","","92.5","owner-confirmed-2026-08-22","","765","","10","Diameter 10 inch","","","","A 765 gram, 10-inch Pooja Thali Set in confirmed 92.5% silver with a blue-teal enamel border, reflective tray, and two main vessels.","DDA 10 Inch Blue Teal Enamel Pooja Thali Set showing a blue-teal enamel border, reflective tray, and two main vessels","","true","true"
"75","C:\Users\kk\Desktop\Files\cfd8b2c9-1786-469b-8c5f-1d390559ba1f.jpeg","997419b731ac68a903b3d730a60273df4d9436700f7b1d72013d599330941d30","public/images/gallery-ingestion/desktop-files-2026-08-22/075-packaged-queen-victoria-gold-coin-4g-916.png","DDA-GOLD-20260822-075","DDA 4 Gram Packaged Queen Victoria Gold Coin","category-gold","","gold","","91.60","99.50","owner-confirmed-2026-08-22","round","4","0.03","","","","","","A 4 gram gold piece featuring a round Queen Victoria portrait coin in a sealed assay-style pack. Owner-confirmed purity is 99.50%.","DDA 4 Gram Packaged Queen Victoria Gold Coin showing a round Queen Victoria portrait coin in a sealed assay-style pack","","true","true"
"76","C:\Users\kk\Desktop\Files\d59775fc-a4df-4ec0-97a9-6693c1e687d7.jpeg","1b50fa631301c69f0d751ed5f8d64793d30cabddeeec4a08a054d20a6cbdc820","public/images/gallery-ingestion/desktop-files-2026-08-22/076-packaged-classical-profile-fine-gold-bar-2g-995.png","DDA-GOLD-20260822-076","DDA 2 Gram Packaged Classical Profile Fine Gold Bar","category-gold","","gold","","99.50","99.50","owner-confirmed-2026-08-22","rectangle","2","0.03","","","","","","A 2 gram gold piece featuring a classical-profile rectangular bar in a sealed assay-style pack. Owner-confirmed purity is 99.50%.","DDA 2 Gram Packaged Classical Profile Fine Gold Bar showing a classical-profile rectangular bar in a sealed assay-style pack","","true","true"
"77","C:\Users\kk\Desktop\Files\d654646f-268b-4c4a-9ef8-02f7c1cea9b0.jpeg","fc55c61d72807804b10b266071e2b5635bfeaf01094575e04c8e740c2d39057b","public/images/gallery-ingestion/desktop-files-2026-08-22/077-radha-krishna-all-silver-oval-coin-5g-single-face-unclear-purity.png","DDA-COIN-20260822-077","DDA 5 Gram Radha Krishna Oval Silver Coin Front with Unclear Mark","category-coin","","silver","","unclear DDA9999-style engraving","99.80","owner-confirmed-2026-08-22","oval","5","","","","alternateGalleryImage","false","DDA-COIN-20260822-065","A 5 gram silver piece featuring a single-face all-silver Radha Krishna composition. Owner-confirmed purity is 99.80%.","DDA 5 Gram Radha Krishna Oval Silver Coin Front with Unclear Mark showing a single-face all-silver Radha Krishna composition","","true","true"
"78","C:\Users\kk\Desktop\Files\WhatsApp Image 2026-08-22 at 1.27.28 PM.jpeg","8c0452b1f36d3b811a61a046902ade581fb7b20136938c71f1a27e67d1784b1d","public/images/gallery-ingestion/desktop-files-2026-08-22/078-floral-scroll-leaf-rim-thali-set-11in-950g.png","DDA-UT-PT-2211","DDA 11 Inch Floral Scroll Leaf Rim Pooja Thali Set","category-utensils","pooja-thali-set","silver","","","92.5","owner-confirmed-2026-08-22","","950","","11","Diameter 11 inch","","","","A 950 gram, 11-inch Pooja Thali Set in confirmed 92.5% silver with dense floral scrollwork, a layered leaf rim, two bowls, pot, and handled accessory.","DDA 11 Inch Floral Scroll Leaf Rim Pooja Thali Set showing dense floral scrollwork, a layered leaf rim, two bowls, pot, and handled accessory","","true","true"
"79","C:\Users\kk\Desktop\Files\WhatsApp Image 2026-08-22 at 2.44.24 PM.jpeg","1a96594e29d245a67a637d04160169cc636694c93f065fd86e4b15068a8e73c7","public/images/gallery-ingestion/desktop-files-2026-08-22/079-peacock-flower-thali-set-10in-500g.png","DDA-UT-PT-2212","DDA 10 Inch Peacock Flower Pooja Thali Set","category-utensils","pooja-thali-set","silver","","","92.5","owner-confirmed-2026-08-22","","500","","10","Diameter 10 inch","","","","A 500 gram, 10-inch Pooja Thali Set in confirmed 92.5% silver with a layered central flower, peacock-feather rim, two bowls, and pot.","DDA 10 Inch Peacock Flower Pooja Thali Set showing a layered central flower, peacock-feather rim, two bowls, and pot","","true","true"
"80","C:\Users\kk\Desktop\Files\WhatsApp Image 2026-08-22 at 2.45.41 PM.jpeg","cac60aad93ebd67db0cd2613ffccc4a78456ffe0939b7535431fa95eb990b975","public/images/gallery-ingestion/desktop-files-2026-08-22/080-floral-butterfly-thali-set-8in-475g.png","DDA-UT-PT-2213","DDA 8 Inch Floral Butterfly Pooja Thali Set","category-utensils","pooja-thali-set","silver","","","92.5","owner-confirmed-2026-08-22","","475","","8","Diameter 8 inch","","","","A 475 gram, 8-inch Pooja Thali Set in confirmed 92.5% silver with floral-and-butterfly engraving, ornate scallops, two bowls, raised bowl, and pot.","DDA 8 Inch Floral Butterfly Pooja Thali Set showing floral-and-butterfly engraving, ornate scallops, two bowls, raised bowl, and pot","","true","true"
