"number","sourcePath","imagePath","reference","title","categoryId","utensilType","material","purity","weightGrams","heightInches","widthInches","depthInches","diameterInches","suppliedSizeLabel","singhasanWidthInches","singhasanDepthInches","idolConstruction","deityIds","coinShape","sizeVariants","recordType","parentReference","shortDescription","alt","publishBlockers","readyForSanityAssetUpload","readyForProductPublish"
"1","C:\Users\kk\Desktop\img\WhatsApp Image 2026-08-23 at 2.31.40 PM.jpeg","public/images/gallery-ingestion/img-2026-08-30-approval/images/01-pink-rose-enamel-rectangular-silver-gift-box-7x5.png","DDA-GF-IMG-0830-01","Pink Rose Enamel Rectangular Silver Gift Box","category-gifts",,"silver","92.5","625",,"7","5",,"7/5inch",,,,"",,"",,,"A rectangular silver gift box weighing 625 g, with a sculpted pink rose, four green enamel leaves, fine lined lid texture and rounded corner panels. Supplied size: 7 × 5 in.","Rectangular silver gift box with a pink sculpted rose and four green enamel leaves","","True","True"
"2","C:\Users\kk\Desktop\img\WhatsApp Image 2026-08-23 at 2.33.04 PM.jpeg","public/images/gallery-ingestion/img-2026-08-30-approval/images/02-ornate-enamel-leaf-silver-gift-box-8x6.png","DDA-GF-IMG-0830-02","Ornate Enamel Leaf Silver Gift Box","category-gifts",,"silver","92.5","910",,"8","6",,"8/6inch",,,,"",,"",,,"A leaf-shaped silver gift box weighing 910 g, with layered feathered relief, a raised enamel panel of red scrolls and multicolour floral motifs. Supplied size: 8 × 6 in.","Leaf-shaped silver gift box with feathered relief and a red, blue and yellow enamel floral panel","","True","True"
"3","C:\Users\kk\Desktop\img\WhatsApp Image 2026-08-23 at 2.34.54 PM.jpeg","public/images/gallery-ingestion/img-2026-08-30-approval/images/03-twin-peacock-enamel-octagonal-silver-gift-box-6x6.png","DDA-GF-IMG-0830-03","Twin-Peacock Enamel Octagonal Silver Gift Box","category-gifts",,"silver","92.5","661",,"6","6",,"6/6inch",,,,"",,"",,,"An octagonal silver gift box weighing 661 g, centred with paired peacocks in blue, green and red enamel, framed by floral relief. Supplied size: 6 × 6 in.","Octagonal silver gift box with paired multicolour enamel peacocks and floral relief","","True","True"
"4","C:\Users\kk\Desktop\img\WhatsApp Image 2026-08-23 at 2.36.51 PM.jpeg","public/images/gallery-ingestion/img-2026-08-30-approval/images/04-raised-rose-antique-silver-gift-box-6x5.png","DDA-GF-IMG-0830-04","Raised-Rose Antique Silver Gift Box","category-gifts",,"silver","92.5","500",,"6","5",,"6/5inch",,,,"",,"",,,"An antique-finish silver gift box weighing 500 g, with a raised central rose, pierced scroll petals and engraved side panels. Supplied size: 6 × 5 in.","Antique-finish silver gift box with a raised central rose and pierced scroll petals","","True","True"
"5","C:\Users\kk\Desktop\img\WhatsApp Image 2026-08-23 at 2.38.07 PM.jpeg","public/images/gallery-ingestion/img-2026-08-30-approval/images/05-floral-relief-antique-silver-gift-box-10x8.png","DDA-GF-IMG-0830-05","Floral-Relief Antique Silver Gift Box","category-gifts",,"silver","92.5","950",,"10","8",,"10/8inch",,,,"",,"",,,"A substantial antique-finish silver gift box weighing 950 g, covered in layered floral relief, scroll borders and a central rose medallion. Supplied size: 10 × 8 in.","Large antique-finish silver gift box with layered floral relief and central rose medallion","","True","True"
"6","C:\Users\kk\Desktop\img\WhatsApp Image 2026-08-23 at 2.39.18 PM.jpeg","public/images/gallery-ingestion/img-2026-08-30-approval/images/06-pink-blue-enamel-medallion-silver-gift-box-8x4.png","DDA-GF-IMG-0830-06","Pink-Blue Enamel Medallion Silver Gift Box","category-gifts",,"silver","92.5","1165",,"8","4",,"8/4inch",,,,"",,"",,,"A wide silver gift box weighing 1,165 g, with a blue-and-pink enamel floral medallion, engraved vines and stepped side panels. Supplied size: 8 × 4 in.","Wide silver gift box with blue-and-pink enamel floral medallion and engraved vines","","True","True"
"7","C:\Users\kk\Desktop\img\WhatsApp Image 2026-08-26 at 12.24.48 PM.jpeg","public/images/gallery-ingestion/img-2026-08-30-approval/images/07-multicolour-enamel-arched-floral-silver-gift-box-9p5x8.png","DDA-GF-IMG-0830-07","Multicolour Enamel Arched Floral Silver Gift Box","category-gifts",,"silver","92.5","1450",,"9.5","8",,"9.5/8inch",,,,"",,"",,,"An arched silver gift box weighing 1,450 g, with multicolour enamel flowers, blue birds, red scrolls and dense raised borders. Supplied size: 9.5 × 8 in.","Arched silver gift box with multicolour enamel flowers, blue birds and red scrolls","","True","True"
"8","C:\Users\kk\Desktop\img\WhatsApp Image 2026-08-26 at 12.30.56 PM.jpeg","public/images/gallery-ingestion/img-2026-08-30-approval/images/08-antique-rose-cluster-silver-gift-box-6p5x5.png","DDA-GF-IMG-0830-08","Antique Rose-Cluster Silver Gift Box","category-gifts",,"silver","92.5","500",,"6.5","5",,"6.5/5inch",,,,"",,"",,,"An antique-finish silver gift box weighing 500 g, with a domed rose cluster, scrolling floral relief and beaded border. Supplied size: 6.5 × 5 in.","Antique-finish silver gift box with domed rose cluster, floral scrolls and beaded border","","True","True"
"9","C:\Users\kk\Desktop\img\WhatsApp Image 2026-08-26 at 12.33.35 PM.jpeg","public/images/gallery-ingestion/img-2026-08-30-approval/images/09-twin-flower-scroll-silver-gift-box-7p5x5p5.png","DDA-GF-IMG-0830-09","Twin-Flower Scroll Silver Gift Box","category-gifts",,"silver","92.5","550",,"7.5","5.5",,"7.5/5.5inch",,,,"",,"",,,"A silver gift box weighing 550 g, with two raised flower medallions, scrolling foliage and a finely textured lid. Supplied size: 7.5 × 5.5 in.","Silver gift box with twin raised flower medallions, scrolling foliage and textured lid","","True","True"
"10","C:\Users\kk\Desktop\img\WhatsApp Image 2026-08-26 at 12.39.35 PM.jpeg","public/images/gallery-ingestion/img-2026-08-30-approval/images/10-diamond-floral-antique-silver-gift-box-8x6p5.png","DDA-GF-IMG-0830-10","Diamond-Floral Antique Silver Gift Box","category-gifts",,"silver","92.5","700",,"8","6.5",,"8/6.5inch",,,,"",,"",,,"An antique-finish silver gift box weighing 700 g, with diamond lattice, raised floral clusters and ornate corner scrolls. Supplied size: 8 × 6.5 in.","Antique-finish silver gift box with diamond lattice, raised flowers and corner scrolls","","True","True"
"11","C:\Users\kk\Desktop\img\WhatsApp Image 2026-08-26 at 12.44.10 PM.jpeg","public/images/gallery-ingestion/img-2026-08-30-approval/images/11-antique-floral-lattice-lidded-silver-jar-5in.png","DDA-GF-IMG-0830-11","Antique Floral-Lattice Lidded Silver Jar","category-gifts",,"silver","92.5","200","5",,,"2.5","Height 5inch; diameter 2.5inch",,,,"",,"",,,"A cylindrical lidded silver jar weighing 200 g, with antique floral lattice, beaded bands and a domed flower finial. Height: 5 in; diameter: 2.5 in.","Cylindrical lidded silver jar with antique floral lattice and domed flower finial","","True","True"
"12","C:\Users\kk\Desktop\img\WhatsApp Image 2026-08-26 at 12.48.12 PM.jpeg","public/images/gallery-ingestion/img-2026-08-30-approval/images/12-open-top-square-floral-relief-silver-jar-4in.png","DDA-GF-IMG-0830-12","Open-Top Floral-Relief Square Silver Jar","category-gifts",,"silver","92.5","230","4",,,"3.5","Height 4inch; diameter 3.5inch",,,,"",,"",,,"An open-top square silver jar weighing 230 g, with raised floral panels, ornate corner feet and a scalloped rim. Height: 4 in; supplied diameter: 3.5 in.","Open-top square silver jar with raised floral panels, ornate feet and scalloped rim","","True","True"
"13","C:\Users\kk\Desktop\img\WhatsApp Image 2026-08-26 at 12.51.01 PM.jpeg","public/images/gallery-ingestion/img-2026-08-30-approval/images/13-red-accent-floral-medallion-square-silver-jar-4in.png","DDA-GF-IMG-0830-13","Red-Accent Floral-Medallion Square Silver Jar","category-gifts",,"silver","92.5","285","4",,,"4","Height 4inch; diameter 4inch",,,,"",,"",,,"A square lidded silver jar weighing 285 g, with red accent stones, floral medallions and engraved side panels. Height: 4 in; supplied diameter: 4 in.","Square lidded silver jar with red accent stones, floral medallions and engraved panels","","True","True"
"14","C:\Users\kk\Desktop\img\WhatsApp Image 2026-08-26 at 12.54.40 PM.jpeg","public/images/gallery-ingestion/img-2026-08-30-approval/images/14-gold-accent-peacock-floral-silver-gift-box-4x3.png","DDA-GF-IMG-0830-14","Gold-Accent Peacock-Floral Silver Gift Box","category-gifts",,"silver","92.5","200",,"4","3",,"4/3inch",,,,"",,"",,,"A compact silver gift box weighing 200 g, with gold-tone peacock and floral accents, pink stones and beaded borders. Supplied size: 4 × 3 in.","Compact silver gift box with gold-tone peacock, floral accents and pink stones","","True","True"
"15","C:\Users\kk\Desktop\img\WhatsApp Image 2026-08-26 at 12.57.18 PM.jpeg","public/images/gallery-ingestion/img-2026-08-30-approval/images/15-faceted-floral-panel-square-silver-jar-4in.png","DDA-GF-IMG-0830-15","Faceted Floral-Panel Square Silver Jar","category-gifts",,"silver","92.5","300","4",,,"3.5","Height 4inch; diameter 3.5inch",,,,"",,"",,,"A faceted square silver jar weighing 300 g, with floral panels, a domed lid and raised flower finial. Height: 4 in; supplied diameter: 3.5 in.","Faceted square silver jar with floral panels, domed lid and raised flower finial","","True","True"
"16","C:\Users\kk\Desktop\img\WhatsApp Image 2026-08-26 at 12.59.52 PM.jpeg","public/images/gallery-ingestion/img-2026-08-30-approval/images/16-double-heart-butterfly-enamel-silver-gift-box-10x9.png","DDA-GF-IMG-0830-16","Double-Heart Butterfly-Enamel Silver Gift Box","category-gifts",,"silver","92.5","1414",,"10","9",,"10/9inch",,,,"",,"",,,"A large silver gift box weighing 1,414 g, with twin heart-shaped frames, a butterfly motif, multicolour enamel flowers and ornate relief. Supplied size: 10 × 9 in.","Large silver gift box with twin heart frames, butterfly motif and multicolour enamel flowers","","True","True"
"17","C:\Users\kk\Desktop\img\WhatsApp Image 2026-08-26 at 1.01.33 PM.jpeg","public/images/gallery-ingestion/img-2026-08-30-approval/images/17-raised-foot-floral-relief-silver-gift-box-5p5x4p5.png","DDA-GF-IMG-0830-17","Raised-Foot Floral-Relief Silver Gift Box","category-gifts",,"silver","92.5","700",,"5.5","4.5",,"5.5/4.5inch",,,,"",,"",,,"A raised-foot silver gift box weighing 700 g, with dense floral relief, a central rosette and scrolling sides. Supplied size: 5.5 × 4.5 in.","Raised-foot silver gift box with dense floral relief, central rosette and scrolling sides","","True","True"
"18","C:\Users\kk\Desktop\img\WhatsApp Image 2026-08-26 at 1.03.35 PM.jpeg","public/images/gallery-ingestion/img-2026-08-30-approval/images/18-blue-enamel-garden-panel-square-silver-gift-box-6x6.png","DDA-GF-IMG-0830-18","Blue-Enamel Garden-Panel Square Silver Gift Box","category-gifts",,"silver","92.5","960",,"6","6",,"6/6inch",,,,"",,"",,,"A square silver gift box weighing 960 g, with blue enamel garden panels, birds, flowers and a beaded frame. Supplied size: 6 × 6 in.","Square silver gift box with blue enamel garden panels, birds, flowers and beaded frame","","True","True"
"19","C:\Users\kk\Desktop\img\WhatsApp Image 2026-08-26 at 1.05.02 PM.jpeg","public/images/gallery-ingestion/img-2026-08-30-approval/images/19-red-enamel-geometric-square-silver-gift-box-6p5x6.png","DDA-GF-IMG-0830-19","Red-Enamel Geometric Square Silver Gift Box","category-gifts",,"silver","92.5","1212",,"6.5","6",,"6.5/6inch",,,,"",,"",,,"A square silver gift box weighing 1,212 g, with red enamel geometric panels, multicolour floral details and a central blue medallion. Supplied size: 6.5 × 6 in.","Square silver gift box with red enamel geometry, floral details and blue centre medallion","","True","True"
"20","C:\Users\kk\Desktop\img\WhatsApp Image 2026-08-26 at 2.30.49 PM.jpeg","public/images/gallery-ingestion/img-2026-08-30-approval/images/20-peacock-red-stone-antique-silver-purse.png","PR-2205","Peacock Red-Stone Antique Silver Purse","category-purse",,"silver","92.5","365",,,,,,,,,"",,"",,,"An antique-finish silver purse weighing 365 g, with a peacock handle, red centre stone, floral relief, beaded borders and a chain tassel.","Antique-finish silver purse with peacock handle, red centre stone and chain tassel","","True","True"
"21","C:\Users\kk\Desktop\img\WhatsApp Image 2026-08-26 at 4.25.29 PM.jpeg","public/images/gallery-ingestion/img-2026-08-30-approval/images/21-embossed-leaf-border-silver-dining-thali-set-9in.png","DDA-UT-PT-2214","Embossed Leaf-Border Silver Dining Thali Set","category-utensils","pooja-thali-set","silver","92.5","1364",,,,"9","Diameter 9inch",,,,"",,"",,,"A silver dining thali set weighing 1,364 g, with an embossed leaf border, matching bowls, tumbler and spoon. Thali diameter: 9 in.","Silver dining thali set with embossed leaf border, matching bowls, tumbler and spoon","","True","True"
"22","C:\Users\kk\Desktop\img\WhatsApp Image 2026-08-26 at 4.49.13 PM.jpeg","public/images/gallery-ingestion/img-2026-08-30-approval/images/22-antique-floral-border-silver-dining-thali-set-12in.png","DDA-UT-PT-2215","Antique Floral-Border Silver Dining Thali Set","category-utensils","pooja-thali-set","silver","92.5","1612",,,,"12","Diameter 12inch",,,,"",,"",,,"An antique-finish silver dining thali set weighing 1,612 g, with a floral border, matching bowls, tumbler and spoon. Thali diameter: 12 in.","Antique-finish silver dining thali set with floral border, bowls, tumbler and spoon","","True","True"
"23","C:\Users\kk\Desktop\img\WhatsApp Image 2026-08-27 at 1.15.36 PM.jpeg","public/images/gallery-ingestion/img-2026-08-30-approval/images/23-peacock-flower-tree-silver-jhula.png","JH-20","Peacock Flower-Tree Silver Jhula","category-jhula",,"silver","92.5","720",,,,,,,,,"",,"",,,"A silver jhula weighing 720 g, with peacock-form uprights, a flowering tree canopy and a suspended swing seat.","Silver jhula with peacock-form uprights, flowering tree canopy and suspended swing seat","","True","True"
"24","C:\Users\kk\Desktop\img\WhatsApp Image 2026-08-29 at 5.35.48 PM.jpeg","public/images/gallery-ingestion/img-2026-08-30-approval/images/24-floral-arch-layered-peacock-silver-jhula-9x7.png","JH-21","Floral-Arch Layered-Peacock Silver Jhula","category-jhula",,"silver","92.5","2454",,,,,"9/7inch","9","7",,"",,"",,,"A silver jhula weighing 2,454 g, with an ornate floral arch, layered peacock motifs, suspended swing seat and engraved base. Singhasan: 9 in left-to-right × 7 in back-to-front.","Silver jhula with ornate floral arch, layered peacock motifs and suspended swing seat","","True","True"
"25","C:\Users\kk\Desktop\img\WhatsApp Image 2026-08-29 at 5.39.22 PM.jpeg","public/images/gallery-ingestion/img-2026-08-30-approval/images/25-elephant-foot-scaled-peacock-silver-jhula-9x7.png","JH-22","Elephant-Foot Scaled-Peacock Silver Jhula","category-jhula",,"silver","92.5","2917",,,,,"9/7inch","9","7",,"",,"",,,"A silver jhula weighing 2,917 g, with elephant feet, scaled peacock uprights, floral canopy and suspended swing seat. Singhasan: 9 in left-to-right × 7 in back-to-front.","Silver jhula with elephant feet, scaled peacock uprights and suspended swing seat","","True","True"
"26","C:\Users\kk\Desktop\img\WhatsApp Image 2026-08-29 at 5.40.56 PM.jpeg","public/images/gallery-ingestion/img-2026-08-30-approval/images/26-floral-arch-peacock-rail-silver-jhula-9x7.png","JH-23","Floral-Arch Peacock-Rail Silver Jhula","category-jhula",,"silver","92.5","2434",,,,,"9/7inch","9","7",,"",,"",,,"A silver jhula weighing 2,434 g, with a floral arch, peacock rail, hanging swing seat and engraved rectangular base. Singhasan: 9 in left-to-right × 7 in back-to-front.","Silver jhula with floral arch, peacock rail, hanging swing and engraved rectangular base","","True","True"
